"FechaHoraMagnitudProfundidadLocalizacionOrigenReportadoLatitudLongitudver2026-08-1523:35:493.6269 km al sureste de ParritaTectónico por subducciónQuepos, Atenas y Valle Central9.4408-84.2952mapa2026-08-1422:47:0742710 km al sur de LaurelTectónicoNaranjo, Laurel y Paso Canoas8.3461-82.9086mapa2026-08-1014:54:555.225200 km al suroeste de Jacó.Tectónico por deformación interna de la placa del Coco, antes de subducirse.Península de Nicoya, Puntarenas y Esparza.8.2411-85.8116mapa2026-08-0821:54:473.5406 km al noroeste de Quepos.Tectónico por subducción.Quepos, San Ignacio de Acosta y Alajuelita.9.4768-84.1955mapa2026-08-0510:55:572.784 km al sureste de OrosiTectónico en falla localOrosi y Paraiso9.7617-83.8445mapa2026-08-0504:15:033.4632 km al norte de AcostaTectónico por deformación interna de la placa del CocoAcosta, Ojochal, Llano Grande y Goicoechea.9.815-84.1595mapa2026-08-0503:07:363.195 km al este de Villa Mills (Cerro de la Muerte)Tectónico en falla localAlto Jaular y Buenavista de Rivas Pérez Zeledón.9.5539-83.6561mapa2026-08-0422:19:243.52416 km al este de Tambor, PuntarenasTectónico por subducciónTambor, Jacó, Paquera, Playa Hermosa, Herradura y Playa Naranjo.9.6685-84.8833mapa2026-08-0414:16:462.575 km al sureste de OrosiTectónico en falla localOrosi y Paraiso9.7568-83.8411mapa2026-08-0407:03:511.956 km al suroeste de OrosiTectónico en falla localOrosi y Muñeco.9.7488-83.8892mapa2026-08-0402:40:411.9178 km al noreste de Nuevo ArenalTectónico en falla localNuevo Arenal10.5806-84.8343mapa2026-08-0322:21:073814 km al noroeste de Nuevo ArenalTectónico en falla localGuatuso, Nuevo Arenal, Bijagua, Tilarán,10.6495-84.9592mapa2026-08-0210:09:324.813223 km al oeste de Riva, NicaraguaTectónico, por deformación interna de la porción subducida de la placa del Coco bajo Nicaragua.Sardinal, Playa del Coco, Carrillo, Nosara, Santa Cruz11.3956-86.0343mapa2026-08-0122:18:312.78.54 km al sureste de OrosiTectónico en falla localOrosi, Paraiso, Palomo, Pejibaye, Purisil, Navarro y Cachí.9.7595-83.8385mapa2026-08-0101:59:032.546 km al sureste de OrosiTectónico en falla localTucurrique y Desamparados9.7466-83.8323mapa2026-08-0100:13:013.165 km al sureste de OrosiTectónico en falla localOrosi, Paraiso, Cartago, Cachí, El Guarco, Oreamuno9.7616-83.8285mapa2026-07-3121:09:502.294 km al sureste de OrosiTectónico en falla localOrosi, Cartago, Turrialba y Moravia9.7641-83.8308mapa2026-07-3120:16:52584 km al sureste de Orosi, CartagoFallamiento LocalValle Central9.7681-83.8341mapa2026-07-2807:12:503.5756 km al sureste de Cañas, GuanacasteDeformación interna de la placa CocoAbangares, Monte Verde, Esparza, Miramar,  Tilarán y San Ramón10.3796-85.0691mapa2026-07-2418:45:253.81838 km al oeste de Playa FlamingoDeformación interna de la placa CaribeTamarindo, Brasilito, Villareal, Playa Potrero10.5426-86.1276mapa","HoraMagnitudProfundidadLocalizacionOrigenReportadoLatitudLongitudver2026-08-1523:35:493.6269 km al sureste de ParritaTectónico por subducciónQuepos, Atenas y Valle Central9.4408-84.2952mapa2026-08-1422:47:0742710 km al sur de LaurelTectónicoNaranjo, Laurel y Paso Canoas8.3461-82.9086mapa2026-08-1014:54:555.225200 km al suroeste de Jacó.Tectónico por deformación interna de la placa del Coco, antes de subducirse.Península de Nicoya, Puntarenas y Esparza.8.2411-85.8116mapa2026-08-0821:54:473.5406 km al noroeste de Quepos.Tectónico por subducción.Quepos, San Ignacio de Acosta y Alajuelita.9.4768-84.1955mapa2026-08-0510:55:572.784 km al sureste de OrosiTectónico en falla localOrosi y Paraiso9.7617-83.8445mapa2026-08-0504:15:033.4632 km al norte de AcostaTectónico por deformación interna de la placa del CocoAcosta, Ojochal, Llano Grande y Goicoechea.9.815-84.1595mapa2026-08-0503:07:363.195 km al este de Villa Mills (Cerro de la Muerte)Tectónico en falla localAlto Jaular y Buenavista de Rivas Pérez Zeledón.9.5539-83.6561mapa2026-08-0422:19:243.52416 km al este de Tambor, PuntarenasTectónico por subducciónTambor, Jacó, Paquera, Playa Hermosa, Herradura y Playa Naranjo.9.6685-84.8833mapa2026-08-0414:16:462.575 km al sureste de OrosiTectónico en falla localOrosi y Paraiso9.7568-83.8411mapa2026-08-0407:03:511.956 km al suroeste de OrosiTectónico en falla localOrosi y Muñeco.9.7488-83.8892mapa2026-08-0402:40:411.9178 km al noreste de Nuevo ArenalTectónico en falla localNuevo Arenal10.5806-84.8343mapa2026-08-0322:21:073814 km al noroeste de Nuevo ArenalTectónico en falla localGuatuso, Nuevo Arenal, Bijagua, Tilarán,10.6495-84.9592mapa2026-08-0210:09:324.813223 km al oeste de Riva, NicaraguaTectónico, por deformación interna de la porción subducida de la placa del Coco bajo Nicaragua.Sardinal, Playa del Coco, Carrillo, Nosara, Santa Cruz11.3956-86.0343mapa2026-08-0122:18:312.78.54 km al sureste de OrosiTectónico en falla localOrosi, Paraiso, Palomo, Pejibaye, Purisil, Navarro y Cachí.9.7595-83.8385mapa2026-08-0101:59:032.546 km al sureste de OrosiTectónico en falla localTucurrique y Desamparados9.7466-83.8323mapa2026-08-0100:13:013.165 km al sureste de OrosiTectónico en falla localOrosi, Paraiso, Cartago, Cachí, El Guarco, Oreamuno9.7616-83.8285mapa2026-07-3121:09:502.294 km al sureste de OrosiTectónico en falla localOrosi, Cartago, Turrialba y Moravia9.7641-83.8308mapa2026-07-3120:16:52584 km al sureste de Orosi, CartagoFallamiento LocalValle Central9.7681-83.8341mapa2026-07-2807:12:503.5756 km al sureste de Cañas, GuanacasteDeformación interna de la placa CocoAbangares, Monte Verde, Esparza, Miramar,  Tilarán y San Ramón10.3796-85.0691mapa2026-07-2418:45:253.81838 km al oeste de Playa FlamingoDeformación interna de la placa CaribeTamarindo, Brasilito, Villareal, Playa Potrero10.5426-86.1276mapa","MagnitudProfundidadLocalizacionOrigenReportadoLatitudLongitudver2026-08-1523:35:493.6269 km al sureste de ParritaTectónico por subducciónQuepos, Atenas y Valle Central9.4408-84.2952mapa2026-08-1422:47:0742710 km al sur de LaurelTectónicoNaranjo, Laurel y Paso Canoas8.3461-82.9086mapa2026-08-1014:54:555.225200 km al suroeste de Jacó.Tectónico por deformación interna de la placa del Coco, antes de subducirse.Península de Nicoya, Puntarenas y Esparza.8.2411-85.8116mapa2026-08-0821:54:473.5406 km al noroeste de Quepos.Tectónico por subducción.Quepos, San Ignacio de Acosta y Alajuelita.9.4768-84.1955mapa2026-08-0510:55:572.784 km al sureste de OrosiTectónico en falla localOrosi y Paraiso9.7617-83.8445mapa2026-08-0504:15:033.4632 km al norte de AcostaTectónico por deformación interna de la placa del CocoAcosta, Ojochal, Llano Grande y Goicoechea.9.815-84.1595mapa2026-08-0503:07:363.195 km al este de Villa Mills (Cerro de la Muerte)Tectónico en falla localAlto Jaular y Buenavista de Rivas Pérez Zeledón.9.5539-83.6561mapa2026-08-0422:19:243.52416 km al este de Tambor, PuntarenasTectónico por subducciónTambor, Jacó, Paquera, Playa Hermosa, Herradura y Playa Naranjo.9.6685-84.8833mapa2026-08-0414:16:462.575 km al sureste de OrosiTectónico en falla localOrosi y Paraiso9.7568-83.8411mapa2026-08-0407:03:511.956 km al suroeste de OrosiTectónico en falla localOrosi y Muñeco.9.7488-83.8892mapa2026-08-0402:40:411.9178 km al noreste de Nuevo ArenalTectónico en falla localNuevo Arenal10.5806-84.8343mapa2026-08-0322:21:073814 km al noroeste de Nuevo ArenalTectónico en falla localGuatuso, Nuevo Arenal, Bijagua, Tilarán,10.6495-84.9592mapa2026-08-0210:09:324.813223 km al oeste de Riva, NicaraguaTectónico, por deformación interna de la porción subducida de la placa del Coco bajo Nicaragua.Sardinal, Playa del Coco, Carrillo, Nosara, Santa Cruz11.3956-86.0343mapa2026-08-0122:18:312.78.54 km al sureste de OrosiTectónico en falla localOrosi, Paraiso, Palomo, Pejibaye, Purisil, Navarro y Cachí.9.7595-83.8385mapa2026-08-0101:59:032.546 km al sureste de OrosiTectónico en falla localTucurrique y Desamparados9.7466-83.8323mapa2026-08-0100:13:013.165 km al sureste de OrosiTectónico en falla localOrosi, Paraiso, Cartago, Cachí, El Guarco, Oreamuno9.7616-83.8285mapa2026-07-3121:09:502.294 km al sureste de OrosiTectónico en falla localOrosi, Cartago, Turrialba y Moravia9.7641-83.8308mapa2026-07-3120:16:52584 km al sureste de Orosi, CartagoFallamiento LocalValle Central9.7681-83.8341mapa2026-07-2807:12:503.5756 km al sureste de Cañas, GuanacasteDeformación interna de la placa CocoAbangares, Monte Verde, Esparza, Miramar,  Tilarán y San Ramón10.3796-85.0691mapa2026-07-2418:45:253.81838 km al oeste de Playa FlamingoDeformación interna de la placa CaribeTamarindo, Brasilito, Villareal, Playa Potrero10.5426-86.1276mapa","ProfundidadLocalizacionOrigenReportadoLatitudLongitudver2026-08-1523:35:493.6269 km al sureste de ParritaTectónico por subducciónQuepos, Atenas y Valle Central9.4408-84.2952mapa2026-08-1422:47:0742710 km al sur de LaurelTectónicoNaranjo, Laurel y Paso Canoas8.3461-82.9086mapa2026-08-1014:54:555.225200 km al suroeste de Jacó.Tectónico por deformación interna de la placa del Coco, antes de subducirse.Península de Nicoya, Puntarenas y Esparza.8.2411-85.8116mapa2026-08-0821:54:473.5406 km al noroeste de Quepos.Tectónico por subducción.Quepos, San Ignacio de Acosta y Alajuelita.9.4768-84.1955mapa2026-08-0510:55:572.784 km al sureste de OrosiTectónico en falla localOrosi y Paraiso9.7617-83.8445mapa2026-08-0504:15:033.4632 km al norte de AcostaTectónico por deformación interna de la placa del CocoAcosta, Ojochal, Llano Grande y Goicoechea.9.815-84.1595mapa2026-08-0503:07:363.195 km al este de Villa Mills (Cerro de la Muerte)Tectónico en falla localAlto Jaular y Buenavista de Rivas Pérez Zeledón.9.5539-83.6561mapa2026-08-0422:19:243.52416 km al este de Tambor, PuntarenasTectónico por subducciónTambor, Jacó, Paquera, Playa Hermosa, Herradura y Playa Naranjo.9.6685-84.8833mapa2026-08-0414:16:462.575 km al sureste de OrosiTectónico en falla localOrosi y Paraiso9.7568-83.8411mapa2026-08-0407:03:511.956 km al suroeste de OrosiTectónico en falla localOrosi y Muñeco.9.7488-83.8892mapa2026-08-0402:40:411.9178 km al noreste de Nuevo ArenalTectónico en falla localNuevo Arenal10.5806-84.8343mapa2026-08-0322:21:073814 km al noroeste de Nuevo ArenalTectónico en falla localGuatuso, Nuevo Arenal, Bijagua, Tilarán,10.6495-84.9592mapa2026-08-0210:09:324.813223 km al oeste de Riva, NicaraguaTectónico, por deformación interna de la porción subducida de la placa del Coco bajo Nicaragua.Sardinal, Playa del Coco, Carrillo, Nosara, Santa Cruz11.3956-86.0343mapa2026-08-0122:18:312.78.54 km al sureste de OrosiTectónico en falla localOrosi, Paraiso, Palomo, Pejibaye, Purisil, Navarro y Cachí.9.7595-83.8385mapa2026-08-0101:59:032.546 km al sureste de OrosiTectónico en falla localTucurrique y Desamparados9.7466-83.8323mapa2026-08-0100:13:013.165 km al sureste de OrosiTectónico en falla localOrosi, Paraiso, Cartago, Cachí, El Guarco, Oreamuno9.7616-83.8285mapa2026-07-3121:09:502.294 km al sureste de OrosiTectónico en falla localOrosi, Cartago, Turrialba y Moravia9.7641-83.8308mapa2026-07-3120:16:52584 km al sureste de Orosi, CartagoFallamiento LocalValle Central9.7681-83.8341mapa2026-07-2807:12:503.5756 km al sureste de Cañas, GuanacasteDeformación interna de la placa CocoAbangares, Monte Verde, Esparza, Miramar,  Tilarán y San Ramón10.3796-85.0691mapa2026-07-2418:45:253.81838 km al oeste de Playa FlamingoDeformación interna de la placa CaribeTamarindo, Brasilito, Villareal, Playa Potrero10.5426-86.1276mapa","LocalizacionOrigenReportadoLatitudLongitudver2026-08-1523:35:493.6269 km al sureste de ParritaTectónico por subducciónQuepos, Atenas y Valle Central9.4408-84.2952mapa2026-08-1422:47:0742710 km al sur de LaurelTectónicoNaranjo, Laurel y Paso Canoas8.3461-82.9086mapa2026-08-1014:54:555.225200 km al suroeste de Jacó.Tectónico por deformación interna de la placa del Coco, antes de subducirse.Península de Nicoya, Puntarenas y Esparza.8.2411-85.8116mapa2026-08-0821:54:473.5406 km al noroeste de Quepos.Tectónico por subducción.Quepos, San Ignacio de Acosta y Alajuelita.9.4768-84.1955mapa2026-08-0510:55:572.784 km al sureste de OrosiTectónico en falla localOrosi y Paraiso9.7617-83.8445mapa2026-08-0504:15:033.4632 km al norte de AcostaTectónico por deformación interna de la placa del CocoAcosta, Ojochal, Llano Grande y Goicoechea.9.815-84.1595mapa2026-08-0503:07:363.195 km al este de Villa Mills (Cerro de la Muerte)Tectónico en falla localAlto Jaular y Buenavista de Rivas Pérez Zeledón.9.5539-83.6561mapa2026-08-0422:19:243.52416 km al este de Tambor, PuntarenasTectónico por subducciónTambor, Jacó, Paquera, Playa Hermosa, Herradura y Playa Naranjo.9.6685-84.8833mapa2026-08-0414:16:462.575 km al sureste de OrosiTectónico en falla localOrosi y Paraiso9.7568-83.8411mapa2026-08-0407:03:511.956 km al suroeste de OrosiTectónico en falla localOrosi y Muñeco.9.7488-83.8892mapa2026-08-0402:40:411.9178 km al noreste de Nuevo ArenalTectónico en falla localNuevo Arenal10.5806-84.8343mapa2026-08-0322:21:073814 km al noroeste de Nuevo ArenalTectónico en falla localGuatuso, Nuevo Arenal, Bijagua, Tilarán,10.6495-84.9592mapa2026-08-0210:09:324.813223 km al oeste de Riva, NicaraguaTectónico, por deformación interna de la porción subducida de la placa del Coco bajo Nicaragua.Sardinal, Playa del Coco, Carrillo, Nosara, Santa Cruz11.3956-86.0343mapa2026-08-0122:18:312.78.54 km al sureste de OrosiTectónico en falla localOrosi, Paraiso, Palomo, Pejibaye, Purisil, Navarro y Cachí.9.7595-83.8385mapa2026-08-0101:59:032.546 km al sureste de OrosiTectónico en falla localTucurrique y Desamparados9.7466-83.8323mapa2026-08-0100:13:013.165 km al sureste de OrosiTectónico en falla localOrosi, Paraiso, Cartago, Cachí, El Guarco, Oreamuno9.7616-83.8285mapa2026-07-3121:09:502.294 km al sureste de OrosiTectónico en falla localOrosi, Cartago, Turrialba y Moravia9.7641-83.8308mapa2026-07-3120:16:52584 km al sureste de Orosi, CartagoFallamiento LocalValle Central9.7681-83.8341mapa2026-07-2807:12:503.5756 km al sureste de Cañas, GuanacasteDeformación interna de la placa CocoAbangares, Monte Verde, Esparza, Miramar,  Tilarán y San Ramón10.3796-85.0691mapa2026-07-2418:45:253.81838 km al oeste de Playa FlamingoDeformación interna de la placa CaribeTamarindo, Brasilito, Villareal, Playa Potrero10.5426-86.1276mapa","OrigenReportadoLatitudLongitudver2026-08-1523:35:493.6269 km al sureste de ParritaTectónico por subducciónQuepos, Atenas y Valle Central9.4408-84.2952mapa2026-08-1422:47:0742710 km al sur de LaurelTectónicoNaranjo, Laurel y Paso Canoas8.3461-82.9086mapa2026-08-1014:54:555.225200 km al suroeste de Jacó.Tectónico por deformación interna de la placa del Coco, antes de subducirse.Península de Nicoya, Puntarenas y Esparza.8.2411-85.8116mapa2026-08-0821:54:473.5406 km al noroeste de Quepos.Tectónico por subducción.Quepos, San Ignacio de Acosta y Alajuelita.9.4768-84.1955mapa2026-08-0510:55:572.784 km al sureste de OrosiTectónico en falla localOrosi y Paraiso9.7617-83.8445mapa2026-08-0504:15:033.4632 km al norte de AcostaTectónico por deformación interna de la placa del CocoAcosta, Ojochal, Llano Grande y Goicoechea.9.815-84.1595mapa2026-08-0503:07:363.195 km al este de Villa Mills (Cerro de la Muerte)Tectónico en falla localAlto Jaular y Buenavista de Rivas Pérez Zeledón.9.5539-83.6561mapa2026-08-0422:19:243.52416 km al este de Tambor, PuntarenasTectónico por subducciónTambor, Jacó, Paquera, Playa Hermosa, Herradura y Playa Naranjo.9.6685-84.8833mapa2026-08-0414:16:462.575 km al sureste de OrosiTectónico en falla localOrosi y Paraiso9.7568-83.8411mapa2026-08-0407:03:511.956 km al suroeste de OrosiTectónico en falla localOrosi y Muñeco.9.7488-83.8892mapa2026-08-0402:40:411.9178 km al noreste de Nuevo ArenalTectónico en falla localNuevo Arenal10.5806-84.8343mapa2026-08-0322:21:073814 km al noroeste de Nuevo ArenalTectónico en falla localGuatuso, Nuevo Arenal, Bijagua, Tilarán,10.6495-84.9592mapa2026-08-0210:09:324.813223 km al oeste de Riva, NicaraguaTectónico, por deformación interna de la porción subducida de la placa del Coco bajo Nicaragua.Sardinal, Playa del Coco, Carrillo, Nosara, Santa Cruz11.3956-86.0343mapa2026-08-0122:18:312.78.54 km al sureste de OrosiTectónico en falla localOrosi, Paraiso, Palomo, Pejibaye, Purisil, Navarro y Cachí.9.7595-83.8385mapa2026-08-0101:59:032.546 km al sureste de OrosiTectónico en falla localTucurrique y Desamparados9.7466-83.8323mapa2026-08-0100:13:013.165 km al sureste de OrosiTectónico en falla localOrosi, Paraiso, Cartago, Cachí, El Guarco, Oreamuno9.7616-83.8285mapa2026-07-3121:09:502.294 km al sureste de OrosiTectónico en falla localOrosi, Cartago, Turrialba y Moravia9.7641-83.8308mapa2026-07-3120:16:52584 km al sureste de Orosi, CartagoFallamiento LocalValle Central9.7681-83.8341mapa2026-07-2807:12:503.5756 km al sureste de Cañas, GuanacasteDeformación interna de la placa CocoAbangares, Monte Verde, Esparza, Miramar,  Tilarán y San Ramón10.3796-85.0691mapa2026-07-2418:45:253.81838 km al oeste de Playa FlamingoDeformación interna de la placa CaribeTamarindo, Brasilito, Villareal, Playa Potrero10.5426-86.1276mapa","ReportadoLatitudLongitudver2026-08-1523:35:493.6269 km al sureste de ParritaTectónico por subducciónQuepos, Atenas y Valle Central9.4408-84.2952mapa2026-08-1422:47:0742710 km al sur de LaurelTectónicoNaranjo, Laurel y Paso Canoas8.3461-82.9086mapa2026-08-1014:54:555.225200 km al suroeste de Jacó.Tectónico por deformación interna de la placa del Coco, antes de subducirse.Península de Nicoya, Puntarenas y Esparza.8.2411-85.8116mapa2026-08-0821:54:473.5406 km al noroeste de Quepos.Tectónico por subducción.Quepos, San Ignacio de Acosta y Alajuelita.9.4768-84.1955mapa2026-08-0510:55:572.784 km al sureste de OrosiTectónico en falla localOrosi y Paraiso9.7617-83.8445mapa2026-08-0504:15:033.4632 km al norte de AcostaTectónico por deformación interna de la placa del CocoAcosta, Ojochal, Llano Grande y Goicoechea.9.815-84.1595mapa2026-08-0503:07:363.195 km al este de Villa Mills (Cerro de la Muerte)Tectónico en falla localAlto Jaular y Buenavista de Rivas Pérez Zeledón.9.5539-83.6561mapa2026-08-0422:19:243.52416 km al este de Tambor, PuntarenasTectónico por subducciónTambor, Jacó, Paquera, Playa Hermosa, Herradura y Playa Naranjo.9.6685-84.8833mapa2026-08-0414:16:462.575 km al sureste de OrosiTectónico en falla localOrosi y Paraiso9.7568-83.8411mapa2026-08-0407:03:511.956 km al suroeste de OrosiTectónico en falla localOrosi y Muñeco.9.7488-83.8892mapa2026-08-0402:40:411.9178 km al noreste de Nuevo ArenalTectónico en falla localNuevo Arenal10.5806-84.8343mapa2026-08-0322:21:073814 km al noroeste de Nuevo ArenalTectónico en falla localGuatuso, Nuevo Arenal, Bijagua, Tilarán,10.6495-84.9592mapa2026-08-0210:09:324.813223 km al oeste de Riva, NicaraguaTectónico, por deformación interna de la porción subducida de la placa del Coco bajo Nicaragua.Sardinal, Playa del Coco, Carrillo, Nosara, Santa Cruz11.3956-86.0343mapa2026-08-0122:18:312.78.54 km al sureste de OrosiTectónico en falla localOrosi, Paraiso, Palomo, Pejibaye, Purisil, Navarro y Cachí.9.7595-83.8385mapa2026-08-0101:59:032.546 km al sureste de OrosiTectónico en falla localTucurrique y Desamparados9.7466-83.8323mapa2026-08-0100:13:013.165 km al sureste de OrosiTectónico en falla localOrosi, Paraiso, Cartago, Cachí, El Guarco, Oreamuno9.7616-83.8285mapa2026-07-3121:09:502.294 km al sureste de OrosiTectónico en falla localOrosi, Cartago, Turrialba y Moravia9.7641-83.8308mapa2026-07-3120:16:52584 km al sureste de Orosi, CartagoFallamiento LocalValle Central9.7681-83.8341mapa2026-07-2807:12:503.5756 km al sureste de Cañas, GuanacasteDeformación interna de la placa CocoAbangares, Monte Verde, Esparza, Miramar,  Tilarán y San Ramón10.3796-85.0691mapa2026-07-2418:45:253.81838 km al oeste de Playa FlamingoDeformación interna de la placa CaribeTamarindo, Brasilito, Villareal, Playa Potrero10.5426-86.1276mapa","LatitudLongitudver2026-08-1523:35:493.6269 km al sureste de ParritaTectónico por subducciónQuepos, Atenas y Valle Central9.4408-84.2952mapa2026-08-1422:47:0742710 km al sur de LaurelTectónicoNaranjo, Laurel y Paso Canoas8.3461-82.9086mapa2026-08-1014:54:555.225200 km al suroeste de Jacó.Tectónico por deformación interna de la placa del Coco, antes de subducirse.Península de Nicoya, Puntarenas y Esparza.8.2411-85.8116mapa2026-08-0821:54:473.5406 km al noroeste de Quepos.Tectónico por subducción.Quepos, San Ignacio de Acosta y Alajuelita.9.4768-84.1955mapa2026-08-0510:55:572.784 km al sureste de OrosiTectónico en falla localOrosi y Paraiso9.7617-83.8445mapa2026-08-0504:15:033.4632 km al norte de AcostaTectónico por deformación interna de la placa del CocoAcosta, Ojochal, Llano Grande y Goicoechea.9.815-84.1595mapa2026-08-0503:07:363.195 km al este de Villa Mills (Cerro de la Muerte)Tectónico en falla localAlto Jaular y Buenavista de Rivas Pérez Zeledón.9.5539-83.6561mapa2026-08-0422:19:243.52416 km al este de Tambor, PuntarenasTectónico por subducciónTambor, Jacó, Paquera, Playa Hermosa, Herradura y Playa Naranjo.9.6685-84.8833mapa2026-08-0414:16:462.575 km al sureste de OrosiTectónico en falla localOrosi y Paraiso9.7568-83.8411mapa2026-08-0407:03:511.956 km al suroeste de OrosiTectónico en falla localOrosi y Muñeco.9.7488-83.8892mapa2026-08-0402:40:411.9178 km al noreste de Nuevo ArenalTectónico en falla localNuevo Arenal10.5806-84.8343mapa2026-08-0322:21:073814 km al noroeste de Nuevo ArenalTectónico en falla localGuatuso, Nuevo Arenal, Bijagua, Tilarán,10.6495-84.9592mapa2026-08-0210:09:324.813223 km al oeste de Riva, NicaraguaTectónico, por deformación interna de la porción subducida de la placa del Coco bajo Nicaragua.Sardinal, Playa del Coco, Carrillo, Nosara, Santa Cruz11.3956-86.0343mapa2026-08-0122:18:312.78.54 km al sureste de OrosiTectónico en falla localOrosi, Paraiso, Palomo, Pejibaye, Purisil, Navarro y Cachí.9.7595-83.8385mapa2026-08-0101:59:032.546 km al sureste de OrosiTectónico en falla localTucurrique y Desamparados9.7466-83.8323mapa2026-08-0100:13:013.165 km al sureste de OrosiTectónico en falla localOrosi, Paraiso, Cartago, Cachí, El Guarco, Oreamuno9.7616-83.8285mapa2026-07-3121:09:502.294 km al sureste de OrosiTectónico en falla localOrosi, Cartago, Turrialba y Moravia9.7641-83.8308mapa2026-07-3120:16:52584 km al sureste de Orosi, CartagoFallamiento LocalValle Central9.7681-83.8341mapa2026-07-2807:12:503.5756 km al sureste de Cañas, GuanacasteDeformación interna de la placa CocoAbangares, Monte Verde, Esparza, Miramar,  Tilarán y San Ramón10.3796-85.0691mapa2026-07-2418:45:253.81838 km al oeste de Playa FlamingoDeformación interna de la placa CaribeTamarindo, Brasilito, Villareal, Playa Potrero10.5426-86.1276mapa","Longitudver2026-08-1523:35:493.6269 km al sureste de ParritaTectónico por subducciónQuepos, Atenas y Valle Central9.4408-84.2952mapa2026-08-1422:47:0742710 km al sur de LaurelTectónicoNaranjo, Laurel y Paso Canoas8.3461-82.9086mapa2026-08-1014:54:555.225200 km al suroeste de Jacó.Tectónico por deformación interna de la placa del Coco, antes de subducirse.Península de Nicoya, Puntarenas y Esparza.8.2411-85.8116mapa2026-08-0821:54:473.5406 km al noroeste de Quepos.Tectónico por subducción.Quepos, San Ignacio de Acosta y Alajuelita.9.4768-84.1955mapa2026-08-0510:55:572.784 km al sureste de OrosiTectónico en falla localOrosi y Paraiso9.7617-83.8445mapa2026-08-0504:15:033.4632 km al norte de AcostaTectónico por deformación interna de la placa del CocoAcosta, Ojochal, Llano Grande y Goicoechea.9.815-84.1595mapa2026-08-0503:07:363.195 km al este de Villa Mills (Cerro de la Muerte)Tectónico en falla localAlto Jaular y Buenavista de Rivas Pérez Zeledón.9.5539-83.6561mapa2026-08-0422:19:243.52416 km al este de Tambor, PuntarenasTectónico por subducciónTambor, Jacó, Paquera, Playa Hermosa, Herradura y Playa Naranjo.9.6685-84.8833mapa2026-08-0414:16:462.575 km al sureste de OrosiTectónico en falla localOrosi y Paraiso9.7568-83.8411mapa2026-08-0407:03:511.956 km al suroeste de OrosiTectónico en falla localOrosi y Muñeco.9.7488-83.8892mapa2026-08-0402:40:411.9178 km al noreste de Nuevo ArenalTectónico en falla localNuevo Arenal10.5806-84.8343mapa2026-08-0322:21:073814 km al noroeste de Nuevo ArenalTectónico en falla localGuatuso, Nuevo Arenal, Bijagua, Tilarán,10.6495-84.9592mapa2026-08-0210:09:324.813223 km al oeste de Riva, NicaraguaTectónico, por deformación interna de la porción subducida de la placa del Coco bajo Nicaragua.Sardinal, Playa del Coco, Carrillo, Nosara, Santa Cruz11.3956-86.0343mapa2026-08-0122:18:312.78.54 km al sureste de OrosiTectónico en falla localOrosi, Paraiso, Palomo, Pejibaye, Purisil, Navarro y Cachí.9.7595-83.8385mapa2026-08-0101:59:032.546 km al sureste de OrosiTectónico en falla localTucurrique y Desamparados9.7466-83.8323mapa2026-08-0100:13:013.165 km al sureste de OrosiTectónico en falla localOrosi, Paraiso, Cartago, Cachí, El Guarco, Oreamuno9.7616-83.8285mapa2026-07-3121:09:502.294 km al sureste de OrosiTectónico en falla localOrosi, Cartago, Turrialba y Moravia9.7641-83.8308mapa2026-07-3120:16:52584 km al sureste de Orosi, CartagoFallamiento LocalValle Central9.7681-83.8341mapa2026-07-2807:12:503.5756 km al sureste de Cañas, GuanacasteDeformación interna de la placa CocoAbangares, Monte Verde, Esparza, Miramar,  Tilarán y San Ramón10.3796-85.0691mapa2026-07-2418:45:253.81838 km al oeste de Playa FlamingoDeformación interna de la placa CaribeTamarindo, Brasilito, Villareal, Playa Potrero10.5426-86.1276mapa","ver2026-08-1523:35:493.6269 km al sureste de ParritaTectónico por subducciónQuepos, Atenas y Valle Central9.4408-84.2952mapa2026-08-1422:47:0742710 km al sur de LaurelTectónicoNaranjo, Laurel y Paso Canoas8.3461-82.9086mapa2026-08-1014:54:555.225200 km al suroeste de Jacó.Tectónico por deformación interna de la placa del Coco, antes de subducirse.Península de Nicoya, Puntarenas y Esparza.8.2411-85.8116mapa2026-08-0821:54:473.5406 km al noroeste de Quepos.Tectónico por subducción.Quepos, San Ignacio de Acosta y Alajuelita.9.4768-84.1955mapa2026-08-0510:55:572.784 km al sureste de OrosiTectónico en falla localOrosi y Paraiso9.7617-83.8445mapa2026-08-0504:15:033.4632 km al norte de AcostaTectónico por deformación interna de la placa del CocoAcosta, Ojochal, Llano Grande y Goicoechea.9.815-84.1595mapa2026-08-0503:07:363.195 km al este de Villa Mills (Cerro de la Muerte)Tectónico en falla localAlto Jaular y Buenavista de Rivas Pérez Zeledón.9.5539-83.6561mapa2026-08-0422:19:243.52416 km al este de Tambor, PuntarenasTectónico por subducciónTambor, Jacó, Paquera, Playa Hermosa, Herradura y Playa Naranjo.9.6685-84.8833mapa2026-08-0414:16:462.575 km al sureste de OrosiTectónico en falla localOrosi y Paraiso9.7568-83.8411mapa2026-08-0407:03:511.956 km al suroeste de OrosiTectónico en falla localOrosi y Muñeco.9.7488-83.8892mapa2026-08-0402:40:411.9178 km al noreste de Nuevo ArenalTectónico en falla localNuevo Arenal10.5806-84.8343mapa2026-08-0322:21:073814 km al noroeste de Nuevo ArenalTectónico en falla localGuatuso, Nuevo Arenal, Bijagua, Tilarán,10.6495-84.9592mapa2026-08-0210:09:324.813223 km al oeste de Riva, NicaraguaTectónico, por deformación interna de la porción subducida de la placa del Coco bajo Nicaragua.Sardinal, Playa del Coco, Carrillo, Nosara, Santa Cruz11.3956-86.0343mapa2026-08-0122:18:312.78.54 km al sureste de OrosiTectónico en falla localOrosi, Paraiso, Palomo, Pejibaye, Purisil, Navarro y Cachí.9.7595-83.8385mapa2026-08-0101:59:032.546 km al sureste de OrosiTectónico en falla localTucurrique y Desamparados9.7466-83.8323mapa2026-08-0100:13:013.165 km al sureste de OrosiTectónico en falla localOrosi, Paraiso, Cartago, Cachí, El Guarco, Oreamuno9.7616-83.8285mapa2026-07-3121:09:502.294 km al sureste de OrosiTectónico en falla localOrosi, Cartago, Turrialba y Moravia9.7641-83.8308mapa2026-07-3120:16:52584 km al sureste de Orosi, CartagoFallamiento LocalValle Central9.7681-83.8341mapa2026-07-2807:12:503.5756 km al sureste de Cañas, GuanacasteDeformación interna de la placa CocoAbangares, Monte Verde, Esparza, Miramar,  Tilarán y San Ramón10.3796-85.0691mapa2026-07-2418:45:253.81838 km al oeste de Playa FlamingoDeformación interna de la placa CaribeTamarindo, Brasilito, Villareal, Playa Potrero10.5426-86.1276mapa",2026-08-15,23:35:49,3.6,26,9 km al sureste de Parrita,Tectónico por subducción,"Quepos, Atenas y Valle Central",9.4408,-84.2952,mapa,2026-08-14,22:47:07,4,27,10 km al sur de Laurel,Tectónico,"Naranjo, Laurel y Paso Canoas",8.3461,-82.9086,mapa,2026-08-10,14:54:55,5.2,25,200 km al suroeste de Jacó.,"Tectónico por deformación interna de la placa del Coco, antes de subducirse.","Península de Nicoya, Puntarenas y Esparza.",8.2411,-85.8116,mapa,2026-08-08,21:54:47,3.5,40,6 km al noroeste de Quepos.,Tectónico por subducción.,"Quepos, San Ignacio de Acosta y Alajuelita.",9.4768,-84.1955,mapa,2026-08-05,10:55:57,2.7,8,4 km al sureste de Orosi,Tectónico en falla local,Orosi y Paraiso,9.7617,-83.8445,mapa,2026-08-05,04:15:03,3.4,63,2 km al norte de Acosta,Tectónico por deformación interna de la placa del Coco,"Acosta, Ojochal, Llano Grande y Goicoechea.",9.815,-84.1595,mapa,2026-08-05,03:07:36,3.1,9,5 km al este de Villa Mills (Cerro de la Muerte),Tectónico en falla local,Alto Jaular y Buenavista de Rivas Pérez Zeledón.,9.5539,-83.6561,mapa,2026-08-04,22:19:24,3.5,24,"16 km al este de Tambor, Puntarenas",Tectónico por subducción,"Tambor, Jacó, Paquera, Playa Hermosa, Herradura y Playa Naranjo.",9.6685,-84.8833,mapa,2026-08-04,14:16:46,2.5,7,5 km al sureste de Orosi,Tectónico en falla local,Orosi y Paraiso,9.7568,-83.8411,mapa,2026-08-04,07:03:51,1.9,5,6 km al suroeste de Orosi,Tectónico en falla local,Orosi y Muñeco.,9.7488,-83.8892,mapa,2026-08-04,02:40:41,1.9,17,8 km al noreste de Nuevo Arenal,Tectónico en falla local,Nuevo Arenal,10.5806,-84.8343,mapa,2026-08-03,22:21:07,3,8,14 km al noroeste de Nuevo Arenal,Tectónico en falla local,"Guatuso, Nuevo Arenal, Bijagua, Tilarán,",10.6495,-84.9592,mapa,2026-08-02,10:09:32,4.8,132,"23 km al oeste de Riva, Nicaragua","Tectónico, por deformación interna de la porción subducida de la placa del Coco bajo Nicaragua.","Sardinal, Playa del Coco, Carrillo, Nosara, Santa Cruz",11.3956,-86.0343,mapa,2026-08-01,22:18:31,2.7,8.5,4 km al sureste de Orosi,Tectónico en falla local,"Orosi, Paraiso, Palomo, Pejibaye, Purisil, Navarro y Cachí.",9.7595,-83.8385,mapa,2026-08-01,01:59:03,2.5,4,6 km al sureste de Orosi,Tectónico en falla local,Tucurrique y Desamparados,9.7466,-83.8323,mapa,2026-08-01,00:13:01,3.1,6,5 km al sureste de Orosi,Tectónico en falla local,"Orosi, Paraiso, Cartago, Cachí, El Guarco, Oreamuno",9.7616,-83.8285,mapa,2026-07-31,21:09:50,2.2,9,4 km al sureste de Orosi,Tectónico en falla local,"Orosi, Cartago, Turrialba y Moravia",9.7641,-83.8308,mapa,2026-07-31,20:16:52,5,8,"4 km al sureste de Orosi, Cartago",Fallamiento Local,Valle Central,9.7681,-83.8341,mapa,2026-07-28,07:12:50,3.5,75,"6 km al sureste de Cañas, Guanacaste",Deformación interna de la placa Coco,"Abangares, Monte Verde, Esparza, Miramar,  Tilarán y San Ramón",10.3796,-85.0691,mapa,2026-07-24,18:45:25,3.8,18,38 km al oeste de Playa Flamingo,Deformación interna de la placa Caribe,"Tamarindo, Brasilito, Villareal, Playa Potrero",10.5426,-86.1276,mapa
2026-08-15,23:35:49,3.6,26,9 km al sureste de Parrita,Tectónico por subducción,"Quepos, Atenas y Valle Central",9.4408,-84.2952,mapa,2026-08-14,22:47:07,4,27,10 km al sur de Laurel,Tectónico,"Naranjo, Laurel y Paso Canoas",8.3461,-82.9086,mapa,2026-08-10,14:54:55,5.2,25,200 km al suroeste de Jacó.,"Tectónico por deformación interna de la placa del Coco, antes de subducirse.","Península de Nicoya, Puntarenas y Esparza.",8.2411,-85.8116,mapa,2026-08-08,21:54:47,3.5,40,6 km al noroeste de Quepos.,Tectónico por subducción.,"Quepos, San Ignacio de Acosta y Alajuelita.",9.4768,-84.1955,mapa,2026-08-05,10:55:57,2.7,8,4 km al sureste de Orosi,Tectónico en falla local,Orosi y Paraiso,9.7617,-83.8445,mapa,2026-08-05,04:15:03,3.4,63,2 km al norte de Acosta,Tectónico por deformación interna de la placa del Coco,"Acosta, Ojochal, Llano Grande y Goicoechea.",9.815,-84.1595,mapa,2026-08-05,03:07:36,3.1,9,5 km al este de Villa Mills (Cerro de la Muerte),Tectónico en falla local,Alto Jaular y Buenavista de Rivas Pérez Zeledón.,9.5539,-83.6561,mapa,2026-08-04,22:19:24,3.5,24,"16 km al este de Tambor, Puntarenas",Tectónico por subducción,"Tambor, Jacó, Paquera, Playa Hermosa, Herradura y Playa Naranjo.",9.6685,-84.8833,mapa,2026-08-04,14:16:46,2.5,7,5 km al sureste de Orosi,Tectónico en falla local,Orosi y Paraiso,9.7568,-83.8411,mapa,2026-08-04,07:03:51,1.9,5,6 km al suroeste de Orosi,Tectónico en falla local,Orosi y Muñeco.,9.7488,-83.8892,mapa,2026-08-04,02:40:41,1.9,17,8 km al noreste de Nuevo Arenal,Tectónico en falla local,Nuevo Arenal,10.5806,-84.8343,mapa,2026-08-03,22:21:07,3,8,14 km al noroeste de Nuevo Arenal,Tectónico en falla local,"Guatuso, Nuevo Arenal, Bijagua, Tilarán,",10.6495,-84.9592,mapa,2026-08-02,10:09:32,4.8,132,"23 km al oeste de Riva, Nicaragua","Tectónico, por deformación interna de la porción subducida de la placa del Coco bajo Nicaragua.","Sardinal, Playa del Coco, Carrillo, Nosara, Santa Cruz",11.3956,-86.0343,mapa,2026-08-01,22:18:31,2.7,8.5,4 km al sureste de Orosi,Tectónico en falla local,"Orosi, Paraiso, Palomo, Pejibaye, Purisil, Navarro y Cachí.",9.7595,-83.8385,mapa,2026-08-01,01:59:03,2.5,4,6 km al sureste de Orosi,Tectónico en falla local,Tucurrique y Desamparados,9.7466,-83.8323,mapa,2026-08-01,00:13:01,3.1,6,5 km al sureste de Orosi,Tectónico en falla local,"Orosi, Paraiso, Cartago, Cachí, El Guarco, Oreamuno",9.7616,-83.8285,mapa,2026-07-31,21:09:50,2.2,9,4 km al sureste de Orosi,Tectónico en falla local,"Orosi, Cartago, Turrialba y Moravia",9.7641,-83.8308,mapa,2026-07-31,20:16:52,5,8,"4 km al sureste de Orosi, Cartago",Fallamiento Local,Valle Central,9.7681,-83.8341,mapa,2026-07-28,07:12:50,3.5,75,"6 km al sureste de Cañas, Guanacaste",Deformación interna de la placa Coco,"Abangares, Monte Verde, Esparza, Miramar,  Tilarán y San Ramón",10.3796,-85.0691,mapa,2026-07-24,18:45:25,3.8,18,38 km al oeste de Playa Flamingo,Deformación interna de la placa Caribe,"Tamarindo, Brasilito, Villareal, Playa Potrero",10.5426,-86.1276,mapa,,,,,,,,,,
2026-08-15,23:35:49,3.6,26,9 km al sureste de Parrita,Tectónico por subducción,"Quepos, Atenas y Valle Central",9.4408,-84.2952,mapa,,,,,,,,,,,,,,,,,,,,,,,,,,,,,,,,,,,,,,,,,,,,,,,,,,,,,,,,,,,,,,,,,,,,,,,,,,,,,,,,,,,,,,,,,,,,,,,,,,,,,,,,,,,,,,,,,,,,,,,,,,,,,,,,,,,,,,,,,,,,,,,,,,,,,,,,,,,,,,,,,,,,,,,,,,,,,,,,,,,,,,,,,,,,,,,,,,,,,,,,
2026-08-14,22:47:07,4,27,10 km al sur de Laurel,Tectónico,"Naranjo, Laurel y Paso Canoas",8.3461,-82.9086,mapa,,,,,,,,,,,,,,,,,,,,,,,,,,,,,,,,,,,,,,,,,,,,,,,,,,,,,,,,,,,,,,,,,,,,,,,,,,,,,,,,,,,,,,,,,,,,,,,,,,,,,,,,,,,,,,,,,,,,,,,,,,,,,,,,,,,,,,,,,,,,,,,,,,,,,,,,,,,,,,,,,,,,,,,,,,,,,,,,,,,,,,,,,,,,,,,,,,,,,,,,
2026-08-10,14:54:55,5.2,25,200 km al suroeste de Jacó.,"Tectónico por deformación interna de la placa del Coco, antes de subducirse.","Península de Nicoya, Puntarenas y Esparza.",8.2411,-85.8116,mapa,,,,,,,,,,,,,,,,,,,,,,,,,,,,,,,,,,,,,,,,,,,,,,,,,,,,,,,,,,,,,,,,,,,,,,,,,,,,,,,,,,,,,,,,,,,,,,,,,,,,,,,,,,,,,,,,,,,,,,,,,,,,,,,,,,,,,,,,,,,,,,,,,,,,,,,,,,,,,,,,,,,,,,,,,,,,,,,,,,,,,,,,,,,,,,,,,,,,,,,,
2026-08-08,21:54:47,3.5,40,6 km al noroeste de Quepos.,Tectónico por subducción.,"Quepos, San Ignacio de Acosta y Alajuelita.",9.4768,-84.1955,mapa,,,,,,,,,,,,,,,,,,,,,,,,,,,,,,,,,,,,,,,,,,,,,,,,,,,,,,,,,,,,,,,,,,,,,,,,,,,,,,,,,,,,,,,,,,,,,,,,,,,,,,,,,,,,,,,,,,,,,,,,,,,,,,,,,,,,,,,,,,,,,,,,,,,,,,,,,,,,,,,,,,,,,,,,,,,,,,,,,,,,,,,,,,,,,,,,,,,,,,,,
2026-08-05,10:55:57,2.7,8,4 km al sureste de Orosi,Tectónico en falla local,Orosi y Paraiso,9.7617,-83.8445,mapa,,,,,,,,,,,,,,,,,,,,,,,,,,,,,,,,,,,,,,,,,,,,,,,,,,,,,,,,,,,,,,,,,,,,,,,,,,,,,,,,,,,,,,,,,,,,,,,,,,,,,,,,,,,,,,,,,,,,,,,,,,,,,,,,,,,,,,,,,,,,,,,,,,,,,,,,,,,,,,,,,,,,,,,,,,,,,,,,,,,,,,,,,,,,,,,,,,,,,,,,
2026-08-05,04:15:03,3.4,63,2 km al norte de Acosta,Tectónico por deformación interna de la placa del Coco,"Acosta, Ojochal, Llano Grande y Goicoechea.",9.815,-84.1595,mapa,,,,,,,,,,,,,,,,,,,,,,,,,,,,,,,,,,,,,,,,,,,,,,,,,,,,,,,,,,,,,,,,,,,,,,,,,,,,,,,,,,,,,,,,,,,,,,,,,,,,,,,,,,,,,,,,,,,,,,,,,,,,,,,,,,,,,,,,,,,,,,,,,,,,,,,,,,,,,,,,,,,,,,,,,,,,,,,,,,,,,,,,,,,,,,,,,,,,,,,,
2026-08-05,03:07:36,3.1,9,5 km al este de Villa Mills (Cerro de la Muerte),Tectónico en falla local,Alto Jaular y Buenavista de Rivas Pérez Zeledón.,9.5539,-83.6561,mapa,,,,,,,,,,,,,,,,,,,,,,,,,,,,,,,,,,,,,,,,,,,,,,,,,,,,,,,,,,,,,,,,,,,,,,,,,,,,,,,,,,,,,,,,,,,,,,,,,,,,,,,,,,,,,,,,,,,,,,,,,,,,,,,,,,,,,,,,,,,,,,,,,,,,,,,,,,,,,,,,,,,,,,,,,,,,,,,,,,,,,,,,,,,,,,,,,,,,,,,,
2026-08-04,22:19:24,3.5,24,"16 km al este de Tambor, Puntarenas",Tectónico por subducción,"Tambor, Jacó, Paquera, Playa Hermosa, Herradura y Playa Naranjo.",9.6685,-84.8833,mapa,,,,,,,,,,,,,,,,,,,,,,,,,,,,,,,,,,,,,,,,,,,,,,,,,,,,,,,,,,,,,,,,,,,,,,,,,,,,,,,,,,,,,,,,,,,,,,,,,,,,,,,,,,,,,,,,,,,,,,,,,,,,,,,,,,,,,,,,,,,,,,,,,,,,,,,,,,,,,,,,,,,,,,,,,,,,,,,,,,,,,,,,,,,,,,,,,,,,,,,,
2026-08-04,14:16:46,2.5,7,5 km al sureste de Orosi,Tectónico en falla local,Orosi y Paraiso,9.7568,-83.8411,mapa,,,,,,,,,,,,,,,,,,,,,,,,,,,,,,,,,,,,,,,,,,,,,,,,,,,,,,,,,,,,,,,,,,,,,,,,,,,,,,,,,,,,,,,,,,,,,,,,,,,,,,,,,,,,,,,,,,,,,,,,,,,,,,,,,,,,,,,,,,,,,,,,,,,,,,,,,,,,,,,,,,,,,,,,,,,,,,,,,,,,,,,,,,,,,,,,,,,,,,,,
2026-08-04,07:03:51,1.9,5,6 km al suroeste de Orosi,Tectónico en falla local,Orosi y Muñeco.,9.7488,-83.8892,mapa,,,,,,,,,,,,,,,,,,,,,,,,,,,,,,,,,,,,,,,,,,,,,,,,,,,,,,,,,,,,,,,,,,,,,,,,,,,,,,,,,,,,,,,,,,,,,,,,,,,,,,,,,,,,,,,,,,,,,,,,,,,,,,,,,,,,,,,,,,,,,,,,,,,,,,,,,,,,,,,,,,,,,,,,,,,,,,,,,,,,,,,,,,,,,,,,,,,,,,,,
2026-08-04,02:40:41,1.9,17,8 km al noreste de Nuevo Arenal,Tectónico en falla local,Nuevo Arenal,10.5806,-84.8343,mapa,,,,,,,,,,,,,,,,,,,,,,,,,,,,,,,,,,,,,,,,,,,,,,,,,,,,,,,,,,,,,,,,,,,,,,,,,,,,,,,,,,,,,,,,,,,,,,,,,,,,,,,,,,,,,,,,,,,,,,,,,,,,,,,,,,,,,,,,,,,,,,,,,,,,,,,,,,,,,,,,,,,,,,,,,,,,,,,,,,,,,,,,,,,,,,,,,,,,,,,,
2026-08-03,22:21:07,3,8,14 km al noroeste de Nuevo Arenal,Tectónico en falla local,"Guatuso, Nuevo Arenal, Bijagua, Tilarán,",10.6495,-84.9592,mapa,,,,,,,,,,,,,,,,,,,,,,,,,,,,,,,,,,,,,,,,,,,,,,,,,,,,,,,,,,,,,,,,,,,,,,,,,,,,,,,,,,,,,,,,,,,,,,,,,,,,,,,,,,,,,,,,,,,,,,,,,,,,,,,,,,,,,,,,,,,,,,,,,,,,,,,,,,,,,,,,,,,,,,,,,,,,,,,,,,,,,,,,,,,,,,,,,,,,,,,,
2026-08-02,10:09:32,4.8,132,"23 km al oeste de Riva, Nicaragua","Tectónico, por deformación interna de la porción subducida de la placa del Coco bajo Nicaragua.","Sardinal, Playa del Coco, Carrillo, Nosara, Santa Cruz",11.3956,-86.0343,mapa,,,,,,,,,,,,,,,,,,,,,,,,,,,,,,,,,,,,,,,,,,,,,,,,,,,,,,,,,,,,,,,,,,,,,,,,,,,,,,,,,,,,,,,,,,,,,,,,,,,,,,,,,,,,,,,,,,,,,,,,,,,,,,,,,,,,,,,,,,,,,,,,,,,,,,,,,,,,,,,,,,,,,,,,,,,,,,,,,,,,,,,,,,,,,,,,,,,,,,,,
2026-08-01,22:18:31,2.7,8.5,4 km al sureste de Orosi,Tectónico en falla local,"Orosi, Paraiso, Palomo, Pejibaye, Purisil, Navarro y Cachí.",9.7595,-83.8385,mapa,,,,,,,,,,,,,,,,,,,,,,,,,,,,,,,,,,,,,,,,,,,,,,,,,,,,,,,,,,,,,,,,,,,,,,,,,,,,,,,,,,,,,,,,,,,,,,,,,,,,,,,,,,,,,,,,,,,,,,,,,,,,,,,,,,,,,,,,,,,,,,,,,,,,,,,,,,,,,,,,,,,,,,,,,,,,,,,,,,,,,,,,,,,,,,,,,,,,,,,,
2026-08-01,01:59:03,2.5,4,6 km al sureste de Orosi,Tectónico en falla local,Tucurrique y Desamparados,9.7466,-83.8323,mapa,,,,,,,,,,,,,,,,,,,,,,,,,,,,,,,,,,,,,,,,,,,,,,,,,,,,,,,,,,,,,,,,,,,,,,,,,,,,,,,,,,,,,,,,,,,,,,,,,,,,,,,,,,,,,,,,,,,,,,,,,,,,,,,,,,,,,,,,,,,,,,,,,,,,,,,,,,,,,,,,,,,,,,,,,,,,,,,,,,,,,,,,,,,,,,,,,,,,,,,,
2026-08-01,00:13:01,3.1,6,5 km al sureste de Orosi,Tectónico en falla local,"Orosi, Paraiso, Cartago, Cachí, El Guarco, Oreamuno",9.7616,-83.8285,mapa,,,,,,,,,,,,,,,,,,,,,,,,,,,,,,,,,,,,,,,,,,,,,,,,,,,,,,,,,,,,,,,,,,,,,,,,,,,,,,,,,,,,,,,,,,,,,,,,,,,,,,,,,,,,,,,,,,,,,,,,,,,,,,,,,,,,,,,,,,,,,,,,,,,,,,,,,,,,,,,,,,,,,,,,,,,,,,,,,,,,,,,,,,,,,,,,,,,,,,,,
2026-07-31,21:09:50,2.2,9,4 km al sureste de Orosi,Tectónico en falla local,"Orosi, Cartago, Turrialba y Moravia",9.7641,-83.8308,mapa,,,,,,,,,,,,,,,,,,,,,,,,,,,,,,,,,,,,,,,,,,,,,,,,,,,,,,,,,,,,,,,,,,,,,,,,,,,,,,,,,,,,,,,,,,,,,,,,,,,,,,,,,,,,,,,,,,,,,,,,,,,,,,,,,,,,,,,,,,,,,,,,,,,,,,,,,,,,,,,,,,,,,,,,,,,,,,,,,,,,,,,,,,,,,,,,,,,,,,,,
2026-07-31,20:16:52,5,8,"4 km al sureste de Orosi, Cartago",Fallamiento Local,Valle Central,9.7681,-83.8341,mapa,,,,,,,,,,,,,,,,,,,,,,,,,,,,,,,,,,,,,,,,,,,,,,,,,,,,,,,,,,,,,,,,,,,,,,,,,,,,,,,,,,,,,,,,,,,,,,,,,,,,,,,,,,,,,,,,,,,,,,,,,,,,,,,,,,,,,,,,,,,,,,,,,,,,,,,,,,,,,,,,,,,,,,,,,,,,,,,,,,,,,,,,,,,,,,,,,,,,,,,,
2026-07-28,07:12:50,3.5,75,"6 km al sureste de Cañas, Guanacaste",Deformación interna de la placa Coco,"Abangares, Monte Verde, Esparza, Miramar,  Tilarán y San Ramón",10.3796,-85.0691,mapa,,,,,,,,,,,,,,,,,,,,,,,,,,,,,,,,,,,,,,,,,,,,,,,,,,,,,,,,,,,,,,,,,,,,,,,,,,,,,,,,,,,,,,,,,,,,,,,,,,,,,,,,,,,,,,,,,,,,,,,,,,,,,,,,,,,,,,,,,,,,,,,,,,,,,,,,,,,,,,,,,,,,,,,,,,,,,,,,,,,,,,,,,,,,,,,,,,,,,,,,
2026-07-24,18:45:25,3.8,18,38 km al oeste de Playa Flamingo,Deformación interna de la placa Caribe,"Tamarindo, Brasilito, Villareal, Playa Potrero",10.5426,-86.1276,mapa,,,,,,,,,,,,,,,,,,,,,,,,,,,,,,,,,,,,,,,,,,,,,,,,,,,,,,,,,,,,,,,,,,,,,,,,,,,,,,,,,,,,,,,,,,,,,,,,,,,,,,,,,,,,,,,,,,,,,,,,,,,,,,,,,,,,,,,,,,,,,,,,,,,,,,,,,,,,,,,,,,,,,,,,,,,,,,,,,,,,,,,,,,,,,,,,,,,,,,,,
